<?xml version="1.0" encoding="UTF-8"?>
<metadata xml:lang="en"><Esri><CreaDate>20180327</CreaDate><CreaTime>16133100</CreaTime><ArcGISFormat>1.0</ArcGISFormat><SyncOnce>TRUE</SyncOnce><DataProperties><itemProps><itemLocation><linkage Sync="TRUE">file://\\DESKTOP-FNQLLAN\D$\OneDrive\Digitize election constituency 2001\National Election 2011 BD\2001_constituencies_ElectionData</linkage><protocol Sync="TRUE">Local Area Network</protocol></itemLocation></itemProps><copyHistory><copy source="D:\OneDrive\Digitize election constituency 2001\2001_constituencies_ElectionData" dest="\\DESKTOP-FNQLLAN\D$\OneDrive\Digitize election constituency 2001\National Election 2011 BD\2001_constituencies_ElectionData" date="20180327" time="16133100"></copy></copyHistory></DataProperties></Esri></metadata>
